country_code,PC1_rescaled_std,PC1_rescaled_min,PC1_rescaled_max,PC2_rescaled_std,PC2_rescaled_min,PC2_rescaled_max,range_pc1,range_pc2
8.0,0.008813241343168495,-0.5826278145163731,-0.551910414623526,0.02322756071853227,-0.30257535169400485,-0.21826081188544294,0.030717399892847164,0.0843145398085619
12.0,0.0027508495587777143,-0.814179709991952,-0.8041101266338759,0.015632004428032562,-0.7414787310621714,-0.6891564907806133,0.010069583358076062,0.052322240281558186
20.0,0.016525703128360256,2.1829891504420442,2.2387507868907437,0.032803304020160455,1.0092236002375852,1.1130180509146843,0.05576163644869947,0.10379445067709914
31.0,0.016850504380416416,-0.8033436869889712,-0.7483196383522497,0.0289047253220626,-0.7939336770879687,-0.7051470989070204,0.0550240486367215,0.08878657818094826
32.0,0.012714700155804334,0.6144949488325336,0.6639690115688908,0.009104387977175752,-0.1412416612947037,-0.10953693640342307,0.04947406273635713,0.03170472489128062
36.0,0.01220840822135815,2.4897205683674075,2.53368503515393,0.04304422806783815,0.5042806563246772,0.6402528048960777,0.04396446678652266,0.1359721485714005
40.0,0.013460965933631074,1.6592259312063726,1.7026301903277796,0.02940672564738894,0.7136704906197952,0.8106434820868641,0.043404259121406996,0.09697299146706895
50.0,0.027429109372531853,-0.7913087172286964,-0.700572206182501,0.01072900335073844,-1.473040872343908,-1.4353413821302192,0.0907365110461954,0.03769949021368868
51.0,0.009072857706990454,-0.7714744307980828,-0.740622864450729,0.019487118109548132,-0.7732654248461877,-0.7134317751434799,0.030851566347353754,0.05983364970270777
56.0,0.012132110700558568,1.8422684632389448,1.8901079143187856,0.025497185265941216,0.5521612627010329,0.6387010916245799,0.04783945107984078,0.08653982892354695
68.0,0.02916081399909248,-0.43339193711549207,-0.329135622236876,0.01970897131947711,-1.165307128339227,-1.0986738090513661,0.10425631487861609,0.06663331928786076
70.0,0.014021715866505191,-0.36416172304019634,-0.31734948116943357,0.015333925282414815,0.07182331625516383,0.12385694167315409,0.04681224187076277,0.052033625417990254
76.0,0.01933917936542864,-0.013836041285445319,0.06049471300085665,0.02132984038698831,-0.425139057911798,-0.3462807009995251,0.07433075428630197,0.07885835691227289
100.0,0.019231664878787996,-0.2746201671173933,-0.21009242182620255,0.03740864701984381,0.7522614729789933,0.8744138708423376,0.06452774529119074,0.12215239786334431
104.0,0.018533965201592808,-0.9002874730987491,-0.8406453683201268,0.020588307795376945,-1.0596071873923263,-0.9962889437918453,0.05964210477862231,0.063318243600481
112.0,0.017551869658410112,-0.14094588178003065,-0.07154781206977505,0.02444095773411303,0.3467282854264787,0.42567548416165263,0.0693980697102556,0.07894719873517392
124.0,0.00910446483762501,2.3388110413943646,2.3728390102388963,0.04153403960064235,0.69575167551582,0.8251494261249024,0.03402796884453174,0.12939775060908243
152.0,0.009014874731208596,0.24692269522866683,0.28519268974451445,0.01091134868673809,-0.10528167571575821,-0.06074246829759215,0.038269994515847616,0.044539207418166055
156.0,0.03890352336406522,0.1847897585054228,0.32892493053050287,0.038584116123547715,0.7314060554802752,0.8670116713556154,0.14413517202508005,0.13560561587534026
158.0,0.05842369359907048,0.029450384259193423,0.23010329139438568,0.02866960836747525,1.2107748857947223,1.3247530614707026,0.20065290713519227,0.11397817567598034
170.0,0.041449804794022986,-0.008549154209336097,0.13576741130904105,0.021114520530275595,-1.6058012652555835,-1.533938214713385,0.14431656551837715,0.07186305054219844
191.0,0.014283078143894554,0.43381947807053606,0.48202663272238755,0.011885700511832685,0.25962957964187344,0.3025461373100003,0.04820715465185149,0.04291655766812685
196.0,0.005511886949376178,-0.0835097869231981,-0.05875111955105223,0.007663013626588687,-0.3440258160354093,-0.3099763615453251,0.024758667372145875,0.03404945449008423
203.0,0.02249329262647086,1.2232988244868872,1.2982754279937787,0.003249189566726187,1.316616695740526,1.3321140539953136,0.0749766035068915,0.015497358254787486
208.0,0.006296191755253682,3.1849143340570034,3.213703185726759,0.04689544411684529,1.215048615847414,1.3714163738053013,0.028788851669755644,0.15636775795788727
218.0,0.04244982589863232,-0.22604874179620102,-0.0836218454372037,0.01171106323660812,-1.6637000402565238,-1.6252780286797055,0.1424268963589973,0.03842201157681835
231.0,0.005213491076557818,-0.7115762102882027,-0.6919711613482009,0.007045418766135083,-0.8977378802167495,-0.8724479471024148,0.019605048940001812,0.025289933114334695
233.0,0.0308278766177502,0.3433563289096103,0.4436971454986471,0.014814496949114124,0.9984290104485317,1.0485904763554537,0.10034081658903676,0.05016146590692194
246.0,0.01904832095772492,2.197962756592104,2.2765277228741305,0.043511103486268396,0.9349107328995431,1.0929647187524554,0.07856496628202647,0.1580539858529123
250.0,0.020402481690287112,2.025257208463515,2.1045122825098477,0.02650723073692464,0.7725581255398704,0.8674365188372994,0.07925507404633247,0.09487839329742909
268.0,0.009670987490489698,-0.9765955216360012,-0.9439039049928422,0.024841148070988646,-0.8604453742397008,-0.7775653122877262,0.032691616643159005,0.08288006195197462
275.0,0.009839317026109053,-1.222535817965638,-1.1888587051700807,0.03170991940831185,-0.9226596378774435,-0.8156875597025749,0.033677112795557296,0.10697207817486865
276.0,0.029405065099963795,1.7901225609530274,1.8860930981152884,0.024329614722604614,1.4081532787661108,1.4854206054028467,0.095970537162261,0.07726732663673586
288.0,0.04421121787330154,-0.9343425921884516,-0.7884898940279373,0.017167875332171508,-1.878208155471241,-1.8144532358762318,0.14585269816051427,0.06375491959500934
300.0,0.016719475663070065,0.10132823170752535,0.15776511915297367,0.003987277992792707,0.21321957095728353,0.22994683334288296,0.05643688744544832,0.016727262385599434
320.0,0.018111569317467352,0.2649227338453498,0.3290602397249977,0.012785027815006362,-0.8303865503561321,-0.7905093741151054,0.0641375058796479,0.03987717624102671
332.0,0.026837820531375532,0.14775117387128495,0.23944172307062353,0.019766250057354464,-0.708073962658929,-0.6352156672454407,0.09169054919933858,0.07285829541348832
344.0,0.05229651604317689,0.5411112970118469,0.7119219532240446,0.015409296253497826,1.4549824098365332,1.5079294280766928,0.1708106562121977,0.05294701824015968
348.0,0.014381591915805266,0.3009534118207107,0.3494745982766421,0.015348877218816944,0.6320287958871941,0.6797313570124581,0.0485211864559314,0.047702561125264054
352.0,0.009241095714025453,2.954094246835072,2.9848768667369785,0.05066586603163082,0.6888693216171231,0.8540033143637077,0.03078261990190656,0.16513399274658458
356.0,0.011082685603717501,-0.3642424254937676,-0.32042023796040997,0.012517553299962151,-0.603228821831978,-0.5518287356162215,0.04382218753335765,0.051400086215756535
360.0,0.022399726197302298,-0.8857821244706252,-0.8129538492073196,0.02376282309017957,-0.9669443957035663,-0.8852403991175317,0.0728282752633056,0.08170399658603456
364.0,0.0009892254425180604,-0.8822979614202242,-0.8790000146074878,0.019087185172047046,-0.6925509059131845,-0.6293343348291043,0.0032979468127364298,0.06321657108408019
368.0,0.01660962701906587,-1.1815231920572395,-1.1186388426742,0.034472386203225194,-0.9596238021051705,-0.8360314823596189,0.06288434938303955,0.12359231974555163
372.0,0.028792680788917245,1.1192710965123374,1.2151952202915535,0.020739395922737998,-0.6081695495990884,-0.5419692432964954,0.09592412377921611,0.06620030630259299
380.0,0.012085035484379728,0.9374127221053717,0.9829168751149377,0.016519109646385872,0.32247192779499084,0.38279552409940487,0.045504153009566006,0.06032359630441403
392.0,0.07670462174340292,1.3450011123205272,1.606957202388796,0.04871195487232148,1.806496524074836,1.9750143789342065,0.2619560900682687,0.16851785485937043
398.0,0.01935635211955857,-0.3372731065581785,-0.26960396537213,0.026328948519584703,-0.26750039377089224,-0.17096217278113623,0.0676691411860485,0.09653822098975601
400.0,0.03391255412848138,-1.3113815675908052,-1.1983772674399527,0.030506075515226688,-1.632451404062113,-1.5308981298862672,0.1130043001508525,0.10155327417584581
404.0,0.021158797474194115,-0.13628835896588942,-0.05370317296493274,0.013479208094184096,-0.810469706940388,-0.7578105337132123,0.08258518600095668,0.052659173227175726
410.0,0.05135886361770665,0.17513632595686618,0.3489816495338471,0.0244955344395929,1.1983658626622231,1.294349953628663,0.1738453235769809,0.09598409096643978
414.0,0.028358984353315846,-0.12512383120452472,-0.02964323188383638,0.00636594769776327,-1.176410156853888,-1.147558814800923,0.09548059932068834,0.028851342052965023
417.0,0.02157970793236579,-0.5086081415805039,-0.427098735509601,0.02194776826853119,-1.0098541743150258,-0.9241706465431765,0.08150940607090296,0.08568352777184929
422.0,0.004579729655637461,-0.675062416235592,-0.6597198813627762,0.02304590677470188,-0.32251024071251516,-0.2460899888922258,0.015342534872815894,0.07642025182028936
428.0,0.024685927501427743,0.08359540037811394,0.1662828687848092,0.013334439584758141,0.7022418320725488,0.7427416732197735,0.08268746840669525,0.04049984114722471
434.0,0.031167371874065746,-1.0518039739647786,-0.9481077483367,0.016671002580549633,-1.628914262587298,-1.573733153702672,0.10369622562807868,0.05518110888462613
440.0,0.03181584699668013,-0.11119686175317979,-0.006426454092064935,0.018051640716705394,0.7892555181866189,0.8458166868333676,0.10477040766111485,0.05656116864674876
442.0,0.006114142131548073,1.7632843959959423,1.7901731533937904,0.017658585777618096,0.616931124330865,0.6711923523982288,0.026888757397848018,0.054261228067363776
446.0,0.049147902653000154,0.7415962610654083,0.9059344901513262,0.023514959564046287,1.4111117176941104,1.4922180548632331,0.1643382290859179,0.08110633716912274
458.0,0.005831113692474955,-0.28829870266768526,-0.2652729280640794,0.00807346131557029,-0.5285350387328196,-0.4964797092212958,0.02302577460360583,0.03205532951152379
462.0,0.026149453086497753,-0.672140244756181,-0.583454378134902,0.013043545947342652,-1.3019297550082487,-1.2549759386723207,0.08868586662127897,0.04695381633592799
466.0,0.03317063274550894,-0.2204024675580142,-0.10932818936443513,0.007806408054363755,-1.16595513020744,-1.1390265248365588,0.11107427819357908,0.026928605370881264
470.0,0.033909005945438844,-0.1485948672696851,-0.03693877404071822,0.008915457589678485,-1.1966530932001298,-1.168275084485717,0.11165609322896689,0.02837800871441276
484.0,0.033081877760120365,0.35969985266549276,0.4774553539474336,0.02169911829881365,-1.2612936844540594,-1.1937291315992649,0.11775550128194084,0.06756455285479457
496.0,0.031947435761979344,0.5616033316881548,0.6682714054190121,0.0009865346314915267,1.0225949061886288,1.026161063515043,0.1066680737308573,0.0035661573264142987
498.0,0.02892516331477414,-1.2307404438617826,-1.134530458305102,0.04175185410853599,0.31866632185727606,0.45604248209223197,0.0962099855566807,0.1373761602349559
499.0,0.008039081370653426,-0.0605374697447466,-0.03334142512715509,0.006057593087994886,-0.023986831406128513,-0.005734721658228717,0.027196044617591508,0.018252109747899797
504.0,0.008773923771595435,-0.9871516827666463,-0.9580688481521088,0.027150101080915562,-0.7966120304246754,-0.7060922785173631,0.029082834614537534,0.09051975190731232
528.0,0.005885875961240159,2.5463570994162437,2.567210927217202,0.02739539434652471,1.0928434649188048,1.1779564931520066,0.020853827800958236,0.08511302823320177
554.0,0.009125934792418374,2.5417395345720037,2.5754709462599257,0.04216699850458342,0.579759201203813,0.7157773337548996,0.03373141168792193,0.13601813255108663
558.0,0.037592777447076675,-0.4796857071703695,-0.34829603867309783,0.014770964150637736,-1.6168178841108507,-1.5629951111508869,0.13138966849727168,0.05382277295996385
566.0,0.022943329011369168,-0.8829213968110955,-0.8069568539544518,0.015683010003729958,-1.3076383103200642,-1.2561043321921483,0.07596454285664367,0.051533978127915825
578.0,0.02356149505784844,3.053713897887909,3.146020392902534,0.06634587761202537,1.1949202629642621,1.4236113124754806,0.09230649501462507,0.22869104951121844
586.0,0.013646641966590422,-0.6141076447978974,-0.5604181835645896,0.021387539255268307,-1.231807673264614,-1.1566384589275047,0.053689461233307756,0.07516921433710921
604.0,0.02339028667932588,-0.40908695749284546,-0.3221472615529079,0.020383679346203297,-0.9038406918270655,-0.8317406019432991,0.08693969593993756,0.07210008988376637
608.0,0.03800419373559514,-0.03287552885851166,0.09968836650500412,0.01133500130328664,-1.297213988315555,-1.2509661275991613,0.1325638953635158,0.04624786071639364
616.0,0.001369799232413042,0.21888422734642646,0.22364883283933626,0.00782773502797002,-0.3090865838792834,-0.2826993445216371,0.004764605492909801,0.026387239357646308
620.0,0.022655585627597032,0.06300168396117532,0.13987397175291832,0.02613852090939664,-0.3030866296101524,-0.21288064829253514,0.076872287791743,0.09020598131761728
630.0,0.04139807817218179,0.5538714950679262,0.6951744947462125,0.025041745548419442,-1.3055913162800903,-1.22069830894364,0.1413029996782863,0.08489300733645022
634.0,0.05656130257198226,-0.6257019086890742,-0.4361771943511415,0.004371650591148773,-2.1612625094758,-2.1479323565947963,0.18952471433793266,0.013330152881003698
642.0,0.006930703115678776,-0.8067694895865148,-0.781176799828472,0.030917873162326526,-0.2459115649642481,-0.14436201317355965,0.025592689758042853,0.10154955179068845
643.0,0.012784970946909216,-0.3383454293617483,-0.2915647248013108,0.03563603575645974,0.35947021591742917,0.4691487935755052,0.04678070456043748,0.10967857765807604
646.0,0.024761209684439393,-0.823996710805807,-0.74217200553931,0.01899401863445673,-1.2354862183582225,-1.173056194173223,0.0818247052664971,0.062430024184999544
688.0,0.014750922554289014,-0.039712069625855016,0.007658808615536419,0.01959539133336574,0.42843234164717137,0.49598215762837383,0.04737087824139143,0.06754981598120247
702.0,0.016524474337328628,0.3949884695151149,0.4495175433115262,0.01658765209201712,0.10625619685048547,0.1597464083808634,0.05452907379641131,0.05349021153037793
703.0,0.01255628385562922,0.48573045773709467,0.5304419773010579,0.017723131160831514,0.5655878179984091,0.6319323542564902,0.04471151956396324,0.06634453625808112
704.0,0.020471043217991248,0.5176672617781888,0.5835916110337587,0.011233355866011556,-0.36069539764506786,-0.31988217912034655,0.06592434925556989,0.040813218524721306
705.0,0.013975218087713648,1.2274496628952742,1.2706003981509448,0.010380353887107882,0.8626304153144639,0.8933320882367304,0.04315073525567059,0.030701672922266443
710.0,0.016960489920683504,0.06542356265901532,0.12197318370546348,0.00492969843769867,-0.5951285552260162,-0.5778394489001695,0.05654962104644816,0.01728910632584668
716.0,0.016067267891036168,-1.1880502902283432,-1.13253867286694,0.030829516203114953,-1.0544217252051966,-0.9509056801564995,0.0555116173614032,0.10351604504869716
724.0,0.012166189657031591,1.3095352429796008,1.353690662894038,0.01149762842770736,0.5215057912465169,0.5657471079585222,0.044155419914437166,0.044241316712005374
752.0,0.031311198466689054,3.2886501425478065,3.393232330753701,0.06696108182374294,1.6381869166543528,1.8583104811834972,0.1045821882058946,0.2201235645291444
756.0,0.008764481930432173,2.4262613827339816,2.458289702302669,0.043373356142013764,0.873576108402522,1.015427184575078,0.03202831956868746,0.141851076172556
762.0,0.034185140330147225,-0.33607385655609867,-0.22662461975685,0.013650046724810109,-1.3608665491940939,-1.3054611641610814,0.10944923679924867,0.05540538503301251
764.0,0.029624796250063545,0.15123510471976004,0.25006699346657046,0.03410796622752536,-0.19442520565200846,-0.08327681766815828,0.09883188874681043,0.11114838798385018
780.0,0.0448140416764659,-0.48024815249589925,-0.3308953280310948,0.014208777129341172,-1.7160331877820985,-1.6637891243791725,0.14935282446480447,0.05224406340292598
788.0,0.01081821070443124,-1.2890455319654974,-1.2540009839120463,0.041685470706183954,-0.7709397834310673,-0.6351268412516157,0.03504454805345114,0.1358129421794516
792.0,0.0035046167231879946,-0.7124716735409837,-0.6982610855869456,0.009112316660054342,-0.7943068678438188,-0.7644274945020253,0.014210587954038179,0.02987937334179347
804.0,0.017821126532142517,-0.47596477973423135,-0.4136796167315985,0.03116445274320646,0.3572368799385441,0.4540905284837648,0.06228516300263287,0.09685364854522072
807.0,0.014250076104980572,0.14725723601471147,0.19536003525531767,0.004486313983212998,0.12071539832375144,0.13757568977721069,0.0481027992406062,0.016860291453459242
818.0,0.01319012185437322,-1.6009972678730708,-1.5535799065599498,0.05422069104654535,-0.97338531694174,-0.7892083982400057,0.04741736131312102,0.18417691870173436
826.0,0.011535273224491388,2.3294791645199324,2.371921008500138,0.035835851894809694,0.7428369931049077,0.8574582191175277,0.04244184398020545,0.11462122601262004
840.0,0.009919446326023205,1.546469674475936,1.5778538144154528,0.0313470729312163,0.18698096061837705,0.28619573255717223,0.03138413993951672,0.09921477193879519
854.0,0.021649495886176373,-0.7327939829791795,-0.6602947948958572,0.01707711200450811,-1.1232252540853753,-1.0644335863224652,0.07249918808332234,0.058791667762910116
858.0,0.017888047818740958,1.0959800048346267,1.1670484019459166,0.021000220161795837,-0.09832195853994079,-0.02904746821791373,0.07106839711128998,0.06927449032202707
860.0,0.03767571499822095,0.12536601252791552,0.247145044933466,0.01050995890820687,-1.2629435896264585,-1.2309088145154388,0.12177903240555049,0.03203477511101971
862.0,0.027922656358927465,-0.20653330284358487,-0.11425905039954849,0.014069193345893115,-0.9771575070675501,-0.9270620143862514,0.09227425244403638,0.05009549268129876
887.0,0.03772361390893342,-1.2280066803663878,-1.1036445017850691,0.04165861717343975,-1.38831989343533,-1.2511349073611047,0.1243621785813187,0.13718498607422536
894.0,0.009797314542419765,-0.6662291907295813,-0.6306935725386689,0.022267354386663878,-0.47258660249125684,-0.3965406803418564,0.035535618190912444,0.07604592214940042
